id,num_comments,score,clean_author,date,clean_title
1h13uv0,2,24,furleafclver,2024-11-27,billion people suffer anemia cheap way reduce
1h0uuxq,6,92,splenda,2024-11-27,wildfire smoke linked increased risk dementia
1h0v6h7,28,76,cuspofgreatness,2024-11-27,reducing abdominal fat researcher uncover surprising health benefit maple syrup
1h0gfjj,91,477,theatlantic,2024-11-26,everyone agrees american arent healthy
1h0oint,15,75,cnn,2024-11-26,vaping immediately affect vascular health oxygen level study show even without nicotine
1h0dxp6,37,211,newsweek,2024-11-26,medication prescribed million american may cause bone loss
1h08zrs,51,321,domesticerrorist,2024-11-26,biden proposes medicare medicaid coverage obesity drug
1h1222u,2,1,newsweek,2024-11-27,whats next amgen obesity drug investor disappointed result
1h0bpc1,1,39,cnbcofficial,2024-11-26,meet startup working save newborn baby democratize pregnancy care
1gzqe1n,51,750,exastiken,2024-11-25,third woman died texas abortion ban doctor avoiding dc reaching riskier miscarriage treatment
1h09aei,13,33,newsweek,2024-11-26,recent survey revealed common culprit behind sleepless night
1h04zg8,11,56,nytopinion,2024-11-26,opinion dying daughter could face mortality couldnt rest u gift article
1h10zqa,2,0,nytopinion,2024-11-27,opinion im couple therapist address political divide gift article
1gzu3d7,169,116,msnbc,2024-11-25,reason many american trust rfk jr dr oz
1h0bvde,2,6,roloboat,2024-11-26,biotechnology company receives million nih grant clinical development novel opioid overdose protection
1gzgsd4,62,418,newzee,2024-11-25,learning cpr manikin without breast put woman life risk study find
1h05681,6,11,nytopinion,2024-11-26,opinion overcoming obesity diet physical education gift article
1gzltgy,3,114,domesticerrorist,2024-11-25,pfas microplastics become toxic combined research show
1gzdmbr,27,194,newsweek,2024-11-25,antibiotic warning issued amid rise global use
1gz27i7,0,60,nbcnews,2024-11-24,salad topping recalled state wheat allergen contamination
1gzm6j3,2,2,ctvnews,2024-11-25,dozen people canada scurvy food
1gxrnbp,107,2223,newzee,2024-11-23,vasectomy rise donald trump election win
1gy8msi,15,99,boppinmule,2024-11-23,nonalcoholic fatty liver disease nafld cause lifestyle intervention
1gy1wct,27,166,kwentongskyblue,2024-11-23,many people wont lose weight glp drug expert say
1gya3ng,2,56,exastiken,2024-11-23,lincare cashed disastrous recall philip breathing machine expense patient
1gy5bc9,0,19,domesticerrorist,2024-11-23,look trump pick lead health agency could help carry kennedy overhaul
1gyxk7g,9,0,furleafclver,2024-11-24,truth salt avoid one world biggest hidden killer
1gxqh5d,36,109,snowfish,2024-11-23,trump build health team fda surgeon general pick
1gxndbb,51,183,nbcnews,2024-11-23,florida surgeon general advises adding fluoride drinking water
1gxcege,27,551,cuspofgreatness,2024-11-22,life expectancy gap u widens year due truly alarming health disparity researcher say
1gxvu24,9,26,rustyseapants,2024-11-23,florida health official advises community stop adding fluoride drinking water
1gxbous,29,374,gomx,2024-11-22,mehmet ozs controversial health claim hcg diet green coffee extract called america doctor donald trump pick head medicare known dubious promotion supplement hormone unsupported scientific evidence
1gx8its,31,278,nbcnews,2024-11-22,trump tariff could raise cost generic drug u
1gxbk5y,8,123,ctvnews,2024-11-22,tourist died lao apparently drinking methanol drink
1gxcxq7,1,18,healthline,2024-11-22,u tobacco use decline smokingrelated health disparity remain
1gwkbpy,331,704,thetelegraph,2024-11-21,covid vaccine booster rejected majority american
1gxj0sv,1,3,ctvnews,2024-11-22,tracking respiratory virus canada rsv influenza covid
1gwonx3,35,264,cnn,2024-11-21,solving year mystery scientist id chemical found million american tap water
1gwqq59,5,199,msnbc,2024-11-21,mehmet oz love promoting inferior medicare substitute
1gwoi2f,55,223,indigsixalpha,2024-11-21,conspiracy theorist turning attention back hpv vaccine
1gwmbvp,63,246,nbcnews,2024-11-21,pound ground beef recalled due e coli risk
1gx02rd,1,22,nytopinion,2024-11-22,opinion america everything public health crisis nothing gift article
1gwk60q,12,168,mcgillhufflepuff,2024-11-21,rfk jr made false dangerous claim aid could become global problem
1gwqwvp,5,52,scientificamerican,2024-11-21,new bird flu case young people raising concern mutating virus
1gx6yj1,0,3,euronewsenglish,2024-11-22,study link endometriosis slightly higher chance early death
1gwpuf0,4,38,globalnewsca,2024-11-21,scurvy canada vitamin c deficiency disease making comeback
1gwz5jq,1,7,cranberryqueen,2024-11-22,e coli case continue rise following st louis county outbreak
1gwh1yl,1,83,sariel,2024-11-21,horrifying medical device malfunction abdominal implant erupts leg
1gw228n,54,453,geodestamp,2024-11-20,case whooping cough reported arkansas
1gvzbxo,95,396,majano,2024-11-20,rfk jr said government may planned covid
1gvup5g,15,333,exastiken,2024-11-20,texas lawmaker push new exception state strict abortion ban death two woman
1gvxqce,3,108,healthline,2024-11-20,daily walk could add year life
1gvr7ih,18,227,rytis,2024-11-20,stunning success vaccine america one chart
1gvxh5o,1,50,cnbcofficial,2024-11-20,cv unitedhealth cigna sue block ftc case insulin price
1gvssb5,9,83,gomx,2024-11-20,nationwide recall anxiety drug lifethreatening packaging error
1gvxaf6,2,28,timemagazine,2024-11-20,surprising benefit talking loud
1gvmnj9,12,109,miolmok,2024-11-20,internet use people aged linked improved mental health
1gvwpga,5,25,chadrasekar,2024-11-20,alcoholmimicking drug found ease voice spasm rfk jr
1gvygbe,2,17,theatlantic,2024-11-20,cancer gene men test
1gvm9h4,20,81,nytopinion,2024-11-20,opinion vaccine saved million life kennedy threatens success gift article
1gv8boy,220,826,nbcnews,2024-11-19,trump pick tv personality former senate candidate mehmet oz run medicare medicaid agency
1gvdcsz,78,385,newzee,2024-11-20,mehmet oz backed massive change medicare would impact million
1gvrj56,0,17,nbcnews,2024-11-20,tom maine toothpaste contained bacteriacontaminated water fda say
1gv7r38,18,328,indigsixalpha,2024-11-19,tom maine toothpaste made bacteriatainted water fda warns
1gvrp0d,0,7,annabishop,2024-11-20,exeye bank worker say pressure lax oversight led error
1gvn5lg,0,17,maxcactus,2024-11-20,nationwide iv fluid shortage changing hospital manage patient hydration
1gv8x8x,48,176,ctvnews,2024-11-19,trump chooses tv doctor mehmet oz lead center medicare medicaid service
1gvdbyi,4,95,nytopinion,2024-11-20,opinion u response bird flu reassuring world gift article
1gw0627,1,3,majano,2024-11-20,trump transition close pick top health post
1gvozof,2,8,progress,2024-11-20,california child test positive bird flu known exposure infected animal
1gvt71c,0,4,euronewsenglish,2024-11-20,italy spent billion dozen drug avoid
1gv1hxc,43,218,theatlantic,2024-11-19,know rfk jr wrong vaccine
1gvamh1,9,63,cnn,2024-11-19,survivor suicide attempt receives innovative face transplant miracle
1gv3g1j,5,98,draz,2024-11-19,wisconsin lost control strange disease killing deer
1gvloyy,0,6,furleafclver,2024-11-20,could salmonella help fight bowel cancer
1gv3ft3,5,58,scientificamerican,2024-11-19,concussion remarkably common cause longterm problem
1gv2vi8,3,33,exastiken,2024-11-19,unitedhealths playbook limiting mental health coverage put countless american treatment risk
1gv0gwc,7,34,sorrydontunderstand,2024-11-19,bird flu canada may mutated become transmissible human
1gunkte,36,261,cnn,2024-11-19,sitting much linked heart disease even work according new study
1guxkv5,1,33,maxcactus,2024-11-19,uti vaccine treat recurrent infection
1guht6p,168,571,theindependentonline,2024-11-18,doctor worry rfk jr antiozempic stance many view
1guki2h,17,375,nbcnews,2024-11-19,caroline kennedy u ambassador say cousin rfk jr hold dangerous view vaccine
1gv55ig,1,7,cranberryqueen,2024-11-19,child california treated possible bird flu state health department say cnn
1gutr0d,3,32,newsweek,2024-11-19,alzheimers scientist analyze body fluid find new drug disease
1gv1k4j,1,9,sscorpionn,2024-11-19,nmn ban paused fda wont prioritize enforcement sale
1guzv1i,0,4,ctvnews,2024-11-19,organic carrot recalled canada due e coli
1guaeu1,18,181,newzee,2024-11-18,rfk jr fuel uncertainty policy medicare abortion
1gubf97,7,133,cranberryqueen,2024-11-18,canada national lab confirms hn hospitalized teen
1gugdns,7,61,cbsnews,2024-11-18,rfk jr could impact vaccine trump hhs secretary
1guauu7,10,112,cranberryqueen,2024-11-18,nearly soldier quarantined army camp due flu outbreak
1gupy8m,9,12,nytopinion,2024-11-19,opinion declining population argument abortion return gift article
1gv2i5v,0,1,youliveonaspaceship,2024-11-19,consequence beyond acute sarscov infection child
1gul1hx,2,14,statnews,2024-11-19,hn bird flu virus canadian teenager display mutation demonstrating virus risk
1gtxmwp,15,364,gomx,2024-11-18,rfk jr vaccine view dangerous cousin caroline kennedy warns australian audience
1gv7fiu,11,0,lurkerbee,2024-11-19,startling study link cannabis use genetic damage cancer
1gtus84,172,483,mountainscience,2024-11-18,rfk perpetuating obesity stigma glp misinformation
1gu0rfz,22,82,furleafclver,2024-11-18,factchecking rfk jr view health policy
1gu7r6z,0,22,scientificamerican,2024-11-18,actually healthier enjoy holiday food without anxiety
1gtxa81,12,163,metallife,2024-11-18,e coli outbreak linked organic carrot sickens people state
1gu34qr,5,21,raindropsandcrickets,2024-11-18,organic carrot recall state due e coli
1gu2j6n,4,19,euronewsenglish,2024-11-18,eu isnt cutting antibiotic use fast enough health agency say
1gu725o,2,4,hwntrstng,2024-11-18,systematic review identifies efficient regimen obesity management combination strength endurance exercise minimum min per week hypocaloric diet
1gu1wsv,1,13,maxcactus,2024-11-18,flu covid one athome test tell
1gtgfal,14,233,blitzorion,2024-11-17,muscle work help neuron grow new study show
1gtscfd,35,44,nytopinion,2024-11-18,opinion robert f kennedy jr revealed missing public health messaging gift article
1gtsog4,2,38,doremusjessup,2024-11-18,incorrect arm positioning lead false hypertension diagnosis make mistake measuring blood pressure often
1gtyf3s,2,10,clarawells,2024-11-18,mobile dentistry game changer primary school nsw
1gtvibn,6,10,nytopinion,2024-11-18,opinion taking away car key doctor duty gift article
1gt35fn,53,707,newzee,2024-11-17,texas follows louisiana lead reclassify reproductive care drug controlled substance
1gth0x6,3,27,sariel,2024-11-17,standing desk good answer getting clearer whatever office setup important thing move
1gt68zo,10,172,thinkbwespeak,2024-11-17,hn bird flu infects six human california oregon
1gsv128,135,344,sariel,2024-11-16,nutritionist explains youre probably eating way much cheese
1gsmvym,15,503,furleafclver,2024-11-16,vaccine show promise aggressive breast cancer
1gsrhqt,27,203,indigsixalpha,2024-11-16,new fda rule tv drug ad simpler language distraction
1gsgbez,22,226,exastiken,2024-11-16,prospect rfk jr head hhs panic many medical science community
1gsu8ln,0,17,boppinmule,2024-11-16,health benefit downside watercress world healthiest vegetable
1gs5t18,205,547,cnn,2024-11-15,rfk jr todo list make america healthy health expert worried
1gs9t9i,41,261,nbcnews,2024-11-15,cdc confirms oregon first human case bird flu
1gs4vxx,7,200,theindependentonline,2024-11-15,case highly infectious preventable measles surged across globe percent last year
1gs3ghg,8,181,statnews,2024-11-15,measles case rose worldwide per new report
1gs93pf,4,48,healthline,2024-11-15,sti epidemic slows u new syphilis gonorrhea case fall
1gs4hbz,6,45,wiredmagazine,2024-11-15,lee zeldins nomination mean epa
1gs5lui,1,37,rumianegar,2024-11-15,stress disrupt memory lead needle anxiety
1grtoqr,45,126,nytopinion,2024-11-15,opinion america health survive robert f kennedy jr gift article
1gru3ix,5,77,wiredmagazine,2024-11-15,first crispr treatment making way patient
1grm4dj,87,341,wonderingsocrates,2024-11-15,want live extra year exercise like every day researcher say
1grfl90,309,861,nbcnews,2024-11-14,trump pick rfk jr antivaccine activist health human service secretary
1grkkal,97,208,newzee,2024-11-15,winter commissioner vote remove fluoride water citing rfk jr
1grifuq,29,212,newzee,2024-11-14,trump coming power nih crosshairs
1gr7zzq,65,407,healthline,2024-11-14,american began drinking pandemic havent stopped
1grax9v,51,279,nbcnews,2024-11-14,fda employee consider handle rfk jr including leaving
1grr44i,4,20,boppinmule,2024-11-15,million seek treatment smog choke punjab
1grecei,11,70,scientificamerican,2024-11-14,bird flu california wastewater whats next
1gr7w2z,13,55,cbsnews,2024-11-14,feel better good cry expert explains science behind
1grfl0y,0,19,exastiken,2024-11-14,breakthrough cancer immunotherapy taking aim autoimmune disease cart therapy generating excitement lupus scleroderma condition clinical trial expand
1gr67t9,14,62,timemagazine,2024-11-14,sleep doctor share tip thats changed life
1gqq82c,21,404,cbsnews,2024-11-13,mcdonalds deadly e coli outbreak sickened people
1gr6xec,5,15,lemondeen,2024-11-14,science really say link organic food health
1grelcz,0,5,diazepam,2024-11-14,modeldriven heart rate estimation heart murmur detection based phonocardiogram
1gqe27b,261,1111,newzee,2024-11-13,robert f kennedy jr reveals plan fire federal health worker
1gqozwr,8,112,globalnewsca,2024-11-13,federal lab confirms bc teen first contract bird flu canada
1gqg4in,110,316,statnews,2024-11-13,push rfk jr baseless fear fluoride go mainstream
1gqr8ns,0,29,statnews,2024-11-13,canadian teen bird flu infection version found cow
1gqmpph,7,48,timemagazine,2024-11-13,thing bone every day according orthopedic doctor
1gr7ghe,1,1,euronewsenglish,2024-11-14,million people diabetes globally europe
1gq3h4a,34,533,cnn,2024-11-13,lunchables removed national school lunch program
1gqbrw7,4,80,maxcactus,2024-11-13,happens vaccine skeptic lead health policy ask florida
1gqc8be,4,51,chrisdh,2024-11-13,fda recall chronic kidney disease medication impurity concern nearly bottle drug named cinacalcet recalled given class ii recall risk level fda
1gpxbfa,51,447,sorrydontunderstand,2024-11-12,teenager critical condition canada first human case bird flu
1gqkhuc,2,8,sciencenews,2024-11-13,lizard spit help detect rare pancreatic tumor protein found saliva gila monster bind certain cell pancreas making potentially useful tracer finding insulinomas
1gprw6c,54,478,theatlantic,2024-11-12,genetic discrimination coming u
1gqb229,1,17,wiredmagazine,2024-11-13,bone marrow donor hard find one company turning cadaver
1gppzdq,88,332,rivinstein,2024-11-12,dont sit toilet minute doctor warn
1gqccc9,1,9,donutbree,2024-11-13,online yoga class prove helpful back pain new study
1gq9lmg,6,8,nytopinion,2024-11-13,opinion talk fluoride vaccine raw milk gift article
1gpi8zm,49,225,uniofwarwick,2024-11-12,close toilet lid flush bacteria loo could reaching toothbrush
1gqgqy4,0,1,euronewsenglish,2024-11-13,cell therapy show promise treating deadly childhood brain cancer
1gpphdw,3,66,cbsnews,2024-11-12,american started drinking pandemic new study show lasted year
1gq70dp,1,5,nytopinion,2024-11-13,opinion light shadow diagnosis gift article
1gpo3up,2,41,nbcnews,2024-11-12,sudden syphilis retreat gay men likely tied preventive antibiotic use
1gpiszc,2,26,wiredmagazine,2024-11-12,real problem banning mask protest
1gozfvv,74,575,cnn,2024-11-11,bleeding pain woman endured harrowing wait miscarriage care due georgia restrictive abortion law
1gpvi1n,0,3,nbcnews,2024-11-12,cuttingedge test u dna sequencing yield diagnosis medical mystery
1gptq8v,1,7,universityofga,2024-11-12,mixed reality game may help kid active
1gpqw7o,0,7,yogurt,2024-11-12,crosslinking lya metabolically reprograms cd cell cancer immunotherapy
1gp45sj,18,158,majano,2024-11-11,trump uncertain health plan
1goru3d,56,470,zsreport,2024-11-11,young people surviving cancer face life altered
1goz7hb,3,140,furleafclver,2024-11-11,scientist treated cancer virus grew lab
1gov1gy,7,173,healthline,2024-11-11,minute vigorous exercise per day could help lower blood pressure
1govb1x,9,66,cnbcofficial,2024-11-11,antiaging enthusiast turning drug rapamycin help extend livescan work longevity doctor weighs
1gosp63,7,72,newsweek,2024-11-11,first human case bird flu detected canada
1goqeuc,7,100,maxcactus,2024-11-11,stanford scientist overturn mendel law cancer discovery
1gotll8,0,50,donutbree,2024-11-11,brain aging green mediterranean diet may help slow brain shrinkage
1go6fsv,165,556,gomx,2024-11-10,rfk jr new bully pulpit sends public health shock wave
1gowexi,5,3,timemagazine,2024-11-11,go doctor cold symptom
1go2ce3,99,279,hwntrstng,2024-11-10,called antimicrobial resistance increasingly serious threat global public health requires action across government sector society growing evidence suggests antibiotic resistance largely caused antibiotic use animal agriculture veganism solution
1gpcp82,3,0,nytopinion,2024-11-12,opinion wellness hobby gift article
1gny59u,91,413,maxcactus,2024-11-10,virulent new superstrain bacteria rapidly spreading asia
1gowilu,0,1,euronewsenglish,2024-11-11,uk scientist testing chemical red grape prevent bowel cancer
1got0k6,0,1,euronewsenglish,2024-11-11,ultraprocessed food may accelerate biological ageing study find
1gnrm7o,82,197,doremusjessup,2024-11-10,weight loss drug ozempic affect muscle mass study show
1gnqb47,5,109,furleafclver,2024-11-10,hpv vaccination world eliminate cervical cancer
1gngi9t,137,392,newzee,2024-11-09,rfk jr plan ban fluoridation work already underway
1gnccw3,60,331,bothzookeepergame,2024-11-09,scary study find billion young people risk hearing loss one reason
1gnmjnr,7,71,awayrepair,2024-11-09,association alzheimers disease herpes
1gnepde,5,68,newzee,2024-11-09,crazy idea treating autoimmune disease might actually work
1gnm1ig,1,10,nytopinion,2024-11-09,opinion ai companion mental health risk young gift article
1gmz2fx,4,249,miolmok,2024-11-09,exciting new lupus treatment could end need lifelong medication
1gna1en,0,5,uncoveringscandals,2024-11-09,create dopamine menu combat fall winter blue
1gmootg,39,200,tastyjams,2024-11-08,federal judge ruling reduce fluoride level drinking water despite scarce research may help fuel rfk jr wild crusade
1gmb7ol,343,1361,newzee,2024-11-08,million risk losing health insurance trump victory
1gmmy2g,17,114,statnews,2024-11-08,trump robert f kennedy jr might undermine vaccine likely cant
1gmokyu,1,40,nbcnews,2024-11-08,study map nonprofit religious group set facility near abortion clinic
1gmfqd7,5,75,chrisdh,2024-11-08,decade fda finally move pull ineffective decongestant shelf last year fda advisor unanimously voted oral phenylephrine ineffective
1gmgbgc,0,65,maxcactus,2024-11-08,tb reclaims title deadliest infectious disease thats outrage say
1glvaea,199,1359,poltrudes,2024-11-07,american stockpile abortion pill hormone ahead reproductive apocalypse trump
1gmeegn,15,61,furleafclver,2024-11-08,seem like peanut allergy rare everyone
1gmfj08,1,41,realisticlie,2024-11-08,swiss researcher find unwanted crispr side effect
1gm7r68,21,153,cnn,2024-11-08,compounded semaglutide associated least death novo nordisk ceo warns
1gm3j7c,38,182,theatlantic,2024-11-07,america onion problem
1gluqc8,49,304,cnbcofficial,2024-11-07,fda proposes ending use decongestant found many cold allergy medicine
1glxw7c,43,71,timemagazine,2024-11-07,safe get covid flu shot time
1glpl40,201,184,nesp,2024-11-07,best fluoride alternative removed water
1glzrod,3,47,statnews,2024-11-07,bird flu infection farmworkers going undetected study show
1gloctg,75,183,newzee,2024-11-07,robert f kennedy jr make america healthy draw wellness influencers maga
1gm17rq,0,25,rustyseapants,2024-11-07,inside company helping america biggest health insurer deny coverage treatment
1glun1n,3,26,chrisdh,2024-11-07,toddler snakebite treatment cost family recent report highlight hospital often egregiously mark cost antivenom
1glov2d,0,57,euronewsenglish,2024-11-07,forever chemical linked gut kidney damage young adult
1glo0nx,8,60,,2024-11-07,sugar first day conception linked health issue later life study say
1glujse,11,19,snowfish,2024-11-07,energy drink may damaging heart
1glqdkq,3,32,cnbcofficial,2024-11-07,moderna post surprise profit covid vaccine sale impress cost cut take hold
1gl5e6y,182,952,nbcnews,2024-11-06,trump win rfk jr say wont take away anybodys vaccine
1gltaz1,3,12,ctvnews,2024-11-07,sleepy day may higher risk predementia syndrome study find
1gl78sz,71,426,wiredmagazine,2024-11-06,state abortion right win may shortlived second trump term
1gla05e,78,197,globalnewsca,2024-11-06,way trump presidential win could change u health care
1glrb3o,0,11,generalaverage,2024-11-07,pedaling towards happiness mental health benefit riding bike
1glc31w,10,87,cnn,2024-11-06,sleepy day may higher risk predementia syndrome study find
1glnzc4,0,8,euronewsenglish,2024-11-07,preterm birth linked lower income employment education adulthood study find
1glsxkz,0,3,ctvnews,2024-11-07,inside canada chaotic response bird flu
1gl6e0b,1,95,universityofga,2024-11-06,higher omega omega level associated lower rate cancer
1glwr03,0,1,healthline,2024-11-07,james van der beek dawson creek reveals colon cancer diagnosis highlight alarming trend young people
1gkvzm1,11,241,nbcnews,2024-11-06,abortion right ballot measure pa state fail others
1gl41tp,1,68,statnews,2024-11-06,postroe effort protect abortion right hit limit
1gl17xj,2,95,ctvnews,2024-11-06,uk doctor get year poisoning mother partner fake covid vaccine
1gl08ut,4,33,chocomuchacho,2024-11-06,eye health eating ounce pistachio daily may help
1gkh3ax,16,508,bloomberglaw,2024-11-05,pfizer accused hiding birth control drug brain tumor link
1glau47,2,0,sparkiblack,2024-11-06,mindfulness meditation jon kabatzinn
1gkhh09,2,53,nytopinion,2024-11-05,opinion election uncertainty broken brain gift article
1gjrfam,226,694,globalnewsca,2024-11-04,rfk jr trump want fluoride water mineral
1gjosec,62,308,sscorpionn,2024-11-04,seven hour sleep new eight expert say
1gjn1u0,20,372,theatlantic,2024-11-04,crazy idea treating autoimmune disease might actually work
1gjqqi8,1,189,marji,2024-11-04,death agony trump abortion ban
1gjk68u,15,277,cnn,2024-11-04,sugar first day conception linked health issue later life study say
1gk2ht7,0,13,boppinmule,2024-11-05,europe food supply impacted spain flood warn expert
1gjn4vp,25,119,scientificamerican,2024-11-04,election anxiety keeping awake sleep expert share advice
1gji7re,10,183,ctvnews,2024-11-04,changed life canadian woman struggling multiple chronic health problem diabetes program changed everything
1gjjtc9,23,89,nytopinion,2024-11-04,opinion doctor report medically impaired driver gift article
1gjitds,4,56,ctvnews,2024-11-04,winter depression real many way fight back
1gj7ll2,12,347,snowfish,2024-11-04,scientist glue two protein together driving cancer cell selfdestruct
1gjegba,0,18,mareacaspica,2024-11-04,new magnetoelastic sensor within stent transmits information potential bile blockage
1gip725,13,524,bothzookeepergame,2024-11-03,scientist found new way make cancer cell selfdestruct
1giw6fv,20,107,shinybrighthings,2024-11-03,presidential candidate silent opioid crisis beyond war drug rhetoric easier point finger
1gibzm9,65,687,mcgillhufflepuff,2024-11-03,dentist pulling healthy treatable teeth profit implant expert warn
1giiz54,3,150,rh,2024-11-03,toxic pfas menstrual pad harm reproductive health advocate say
1gjc3m5,0,1,euronewsenglish,2024-11-04,ai chatbot blamed teen death know ai psychological risk prevention
1giui2r,1,19,boppinmule,2024-11-03,govt shuts primary school lahore record pollution
1gicemb,4,294,southernopposite,2024-11-03,st scientist reversed type diabetes reprogramming person fat cell live science
1gicexo,0,92,doremusjessup,2024-11-03,largest cancer atlas date brings new treatment incurable tumor closer
1gi7n78,5,66,sullie,2024-11-02,mother warns sudep son death
1ghuc8q,28,247,furleafclver,2024-11-02,everything ever wanted know vagina afraid google
1ghv3cz,18,121,sparkiblack,2024-11-02,retraining brain help silence tinnitus scientist trying find
1gi5rua,0,22,boppinmule,2024-11-02,watch herald investigation reveals illegal cigarette sold auckland dairy
1ghq8fd,5,132,marji,2024-11-02,idaho health department isnt allowed give covid vaccine anymore expert say first
1gh9h49,149,971,exastiken,2024-11-01,pregnant teenager died trying get care three visit texas emergency room
1ghu7fw,0,25,maxcactus,2024-11-02,unprecedented good news story potentially deadly viral outbreak
1ghtlc1,1,23,miolmok,2024-11-02,endocrine disruptors invisible chemical trigger disease
1ghdl5a,54,376,indigsixalpha,2024-11-01,rfk jr already preparing take federal health agency
1ghaf4u,294,494,mattv,2024-11-01,texas hospital must ask patient whether theyre u legally
1ghf8zt,3,169,theindependentonline,2024-11-01,quarter pediatric death hospital preventable study find
1ghcumv,22,213,nbcnews,2024-11-01,trump team fully embrace rfk jr vaccine skepticism
1ghfco5,1,52,newsweek,2024-11-01,salad recall five state allergen fear
1gh7qx2,7,115,ctvnews,2024-11-01,childrens doctor reporting unusual increase walking pneumonia case canada
1gh88wq,0,47,ctvnews,2024-11-01,bird flu spreading faster eu data show
1gglbbv,136,1042,marji,2024-10-31,trump transition official say rfk jr want force vaccine market
1ggnvdj,55,258,theindependentonline,2024-10-31,parent putting trust chatgpt actual doctor study find
1ggk46x,12,248,cnn,2024-10-31,giving birth triplet quadruplet even become increasingly le common united state
1ggmpyd,60,155,wiredmagazine,2024-10-31,rfk jr want reshape u health policy good luck
1ggjncl,4,105,newzee,2024-10-31,alarm health expert rfk jr leaving health policy proposal
1ggdhbd,47,169,universityofga,2024-10-31,nearly pregnant woman report marijuana use
1ggm1bq,2,45,sciencenews,2024-10-31,limiting sugar infancy reduces risk diabetes hypertension child experienced sugar rationing wwii le likely develop chronic illness
1ggi25b,9,65,ryhaltswhiskey,2024-10-31,topic french press coffee bad coffee filtered metal filter cause minor increase ldl
1ggakzs,8,175,maxcactus,2024-10-31,shortage iv fluid lead canceled surgery
1ggagml,5,112,maxcactus,2024-10-31,bird flu found pig first time u
1gfqc6t,102,1233,exastiken,2024-10-30,texas woman died hospital said would crime intervene miscarriage
1gfr61y,128,641,theatlantic,2024-10-30,throw black plastic spatula
1gg9bn7,2,34,nytopinion,2024-10-31,opinion lose pharmacist forced act like cop gift article
1gflh0q,112,911,asdtyyhfh,2024-10-30,rfk jr say trump promised control cdc health agency
1gga264,3,19,boppinmule,2024-10-31,eu agency find banned chemical cosmetic dw
1gfw154,2,99,nbcnews,2024-10-30,cdc say slivered onion likely cause mcdonalds e coli infection case rise
1gft8m0,6,110,thetelegraph,2024-10-30,hn bird flu detected pig first time u
1gfozhx,23,181,ctvnews,2024-10-30,quarter pounder lead teen kidney failure
1gfupvp,11,79,mareacaspica,2024-10-30,dirt good kid could lead healthier adulthood
1gfuj79,5,80,statnews,2024-10-30,bird flu found pig u first time raising concern potential risk human
1ggk55d,0,1,timemagazine,2024-10-31,question open enrollment answered
1ggeibh,1,1,spike,2024-10-31,mucus snot think
1gfrn76,2,37,thetelegraph,2024-10-30,first case dangerous new mpox strain confirmed uk
1gfhuro,16,159,newsweek,2024-10-30,bird flu outbreak map reveals confirmed u human case
1gfmh48,3,52,wiredmagazine,2024-10-30,openais transcription tool hallucinates hospital using anyway
1gfor5k,1,27,sasko,2024-10-30,tuberculosis return top infectious disease killer say
1gfmkak,0,35,euronewsenglish,2024-10-30,regular exercise may reduce death risk new dementia patient
1geycg6,32,269,newsweek,2024-10-29,nut may help prevent blindness old age reveals scientist
1ger75e,60,351,bobbylucero,2024-10-29,people opt organ donation program report man mistakenly declared dead
1geuta0,5,176,cbsnews,2024-10-29,lung cancer rise u asian woman dont smoke expert hope expand screening
1gey8dj,1,42,euronewsenglish,2024-10-29,flu covid vaccination way target ecdc say
1geaaun,164,923,wiredmagazine,2024-10-28,donald trump vow let robert f kennedy jr go wild health elected
1geuacl,4,32,techreview,2024-10-29,exosomes touted trendy cureall dont know work
1gexp44,0,8,sisucat,2024-10-29,clinical conundrum severe eczema flare topical steroid withdrawal
1ge4iyu,12,164,ctvnews,2024-10-28,group canadian doctor say workplace sick note need go
1gdwf6t,40,574,newsweek,2024-10-28,serious lung infection linked cruise ship hot tub cdc find
1gf0fzw,0,1,healthline,2024-10-29,poor sleep linked faster brain aging later life
1ge8qxy,0,33,jms,2024-10-28,toxic inaction oakland lead funding languishes resident live serious health risk
1ge3od6,1,47,bothzookeepergame,2024-10-28,ai speed xray diagnosis broken bone
1gdrlye,44,272,nytopinion,2024-10-28,opinion one tell happens muscle gift article
1gdj8eh,79,740,miolmok,2024-10-27,leading neurologist say evidence linking paraquat parkinson disease strong want banned
1gdx0u5,2,9,euronewsenglish,2024-10-28,daylight saving end europe weekend expert warn time change could harm health
1gcwssd,49,321,mcgillhufflepuff,2024-10-26,researcher say aipowered transcription tool used hospital invents thing one ever said
1gcn63d,6,141,furleafclver,2024-10-26,hack unitedhealths tech unit impacted mln people u health dept say
1gcw04h,1,31,specificad,2024-10-26,pumpkin seed good get nutritional boost jackolantern
1gckadg,8,63,tylerfortierphoto,2024-10-26,activated charcoal interact medication
1gc4ggx,40,489,gordon,2024-10-25,active ingredient ozempic wegovy may reduce risk alzheimers disease study
1gcgr55,1,41,boppinmule,2024-10-26,antimalarial drug resistance making malaria normal
1gc8q94,15,67,nbcnews,2024-10-26,food safety expert steer clear avoid e coli
1gbtbi5,82,477,chrisdh,2024-10-25,one american patient may harmed hospital diagnosis mistake
1gbyva5,9,216,smitra,2024-10-25,fried food contain advanced glycation end product involved atherosclerosis lead premature aging
1gbxauz,31,189,cbsnews,2024-10-25,mcdonalds e coli outbreak sickened least people state cdc say
1gbtywn,26,231,newsweek,2024-10-25,map reveals american risk forever chemical drinking water
1gbvrni,43,138,scientificamerican,2024-10-25,teenager taking new weightloss drug science far settled
1gbymtv,3,60,progress,2024-10-25,mcdonalds e coli update number state outbreak grows
1gbxe73,0,34,nbcnews,2024-10-25,illness linked mcdonalds e coli outbreak rise cdc say
1gc0s97,4,16,maxcactus,2024-10-25,ironfedependent reactivation telomerase drive colorectal cancer
1gbdnvr,30,592,newzee,2024-10-24,doctor agreed baby would die month forced give birth
1gc21dl,0,5,jms,2024-10-25,dea national prescription drug take back day webpage resource help dispose unneeded medication home
1gbefyc,8,145,cbsnews,2024-10-24,mcdonalds ecoli outbreak lead burger king kfc pizza hut remove onion location
1gba7bv,65,242,statnews,2024-10-24,drinking cheaper decade lobbyist fighting keep way
1gbdvxm,18,143,newzee,2024-10-24,essential health care program could get hammered donald trump win
1gb5xui,14,253,globalnewsca,2024-10-24,mcdonalds hit lawsuit deadly e coli outbreak
1gbe036,2,57,nytopinion,2024-10-24,opinion abortion pill safe postroe america isnt gift article
1gb4h8q,17,184,nbcnews,2024-10-24,fda eye mcdonalds supplier taylor farm source e coli outbreak
1gbc37c,21,66,ctvnews,2024-10-24,radioactive gas leading cause lung cancer check home
1gb7z37,8,52,progress,2024-10-24,mcdonalds pull quarter pounder onefifth u store e coli outbreak
1gb1aim,1,51,solidboss,2024-10-24,human space travel could pose severe health risk find new report
1gb8w9x,0,15,randomlynumbered,2024-10-24,human bird flu case california may undercounted worker resist testing
1gb254n,5,24,rytis,2024-10-24,inside company helping america biggest health insurer deny coverage treatment
1gaopud,36,289,nbcnews,2024-10-23,mcdonalds zero onion likely source deadly e coli outbreak
1gav1jb,19,84,duderos,2024-10-24,people older get pneumococcal vaccine u health official recommend
1gb3byx,0,14,newsweek,2024-10-24,spot early sign potentially fatal whooping cough case rise
1gak88b,65,305,theindependentonline,2024-10-23,couple engaging viral sleep divorce trend vacation study find
1gaxrke,13,34,substantialsnow,2024-10-24,research show coffee could increase cholesterol level blood
1gb508x,6,8,timemagazine,2024-10-24,people sleepwalk
1gac5xe,82,453,wiredmagazine,2024-10-23,maker ozempic trying block compounded version blockbuster drug
1gb4wpw,2,5,euronewsenglish,2024-10-24,new ai tool predict death trialled heart patient
1gaxrkn,10,11,euronewsenglish,2024-10-24,new alzheimers drug approved uk government wont pay
1gaim2e,5,136,cnbcofficial,2024-10-23,cdc told mcdonalds potential e coli outbreak late last week
1gaibqv,3,78,zsreport,2024-10-23,medically necessary inside company helping america biggest health insurer deny coverage care
1gaeawv,2,100,ajb,2024-10-23,early research suggested long covid didnt affect child new study say thats true
1gaforz,11,74,furleafclver,2024-10-23,study bust myth cause gout
1ga3er6,139,305,chocomuchacho,2024-10-23,morning coffee could quietly causing hearing loss study reveals
1gacud3,3,51,chrisdh,2024-10-23,high level banned pfas detected hershey packaging independent test reveal widespread presence cancerlinked forever chemical biggest brand
1ga956k,0,80,maxcactus,2024-10-23,egypt declared malariafree world health organization
1ga9r9w,5,36,cbsnews,2024-10-23,fda say weight loss drug shortage patient worry cost availability
1ga4o7i,34,89,newsweek,2024-10-23,man scurvy describes symptom first noticed weakness
1g9sjy8,53,537,nbcnews,2024-10-22,e coli outbreak linked mcdonalds quarter pounder multiple state
1ga75ca,15,43,euronewsenglish,2024-10-23,uk testing worldfirst vaccine vomiting bug norovirus
1g9u1ad,5,130,theindependentonline,2024-10-22,air pollution could causing kid develop peanut allergy new study reveals
1g9m42n,28,201,cbsnews,2024-10-22,many listeria recall lately doctor explains know symptom look
1g9le3b,9,146,scientificamerican,2024-10-22,anosmia inability smell change people breathe
1g9p7vk,5,60,nbcnews,2024-10-22,juul user receiving thousand dollar part million class action settlement
1gaf870,4,3,ctvnews,2024-10-23,updated covid vaccine protect xec variant
1g9iq4d,7,95,maxcactus,2024-10-22,bird flu suspected four washington farm worker cdc sends team
1g9k755,5,54,bothzookeepergame,2024-10-22,melatonin disruption tied earlyonset osteoporosis new study suggests
1g9ieno,4,64,thetelegraph,2024-10-22,germany detects first case dangerous new mpox strain
1g9z1gc,0,8,sisucat,2024-10-23,topical steroid withdrawal syndrome skin condition taking tik tok storm
1g9kkt6,1,42,globalnewsca,2024-10-22,frozen waffle recall know cfia expands listeria warning
1g8zgwd,44,576,mareacaspica,2024-10-21,sugar tax beverage reduces consumption low income household nearly
1g9tube,1,5,maki,2024-10-22,germany detects first mpox variant ib case
1g9knqa,1,15,ctvnews,2024-10-22,new treatment help ocd
1g9b29k,2,80,nytopinion,2024-10-22,opinion always virus season gift article
1g9cvjl,0,44,furleafclver,2024-10-22,egypt declared malariafree year effort
1g8wkqv,59,292,timemagazine,2024-10-21,symptom endocrinologist say never ignore
1g91rti,2,104,cbsnews,2024-10-21,flesheating bacteria case rise florida following recent hurricane
1g8pwkd,9,457,nbcnews,2024-10-21,insurance pay overthecounter birth control white house proposes
1g9adif,1,24,chocomuchacho,2024-10-22,slow diabetesrelated brain aging
1g8xn14,88,145,cuspofgreatness,2024-10-21,multimillionaire biohacker replaces liquid gold body bid reverse aging
1g90gl9,26,89,theatlantic,2024-10-21,perverse consequence tuitionfree medical school
1g8wsa3,15,131,independenceany,2024-10-21,university missourikansas city study find colorectal cancer case among child
1g9bw98,1,14,newzee,2024-10-22,inside bungled bird flu response profit collide public health
1g9frgg,2,3,wiredmagazine,2024-10-22,close gender health gap
1g9px58,0,1,cartmanbeck,2024-10-22,ai shake translational research
1g8sm3c,10,85,lemondeen,2024-10-21,u takeover prized french painkiller go ahead
1g8q680,2,42,realisticlie,2024-10-21,roches big bet big disease
1g8v871,2,20,cnbcofficial,2024-10-21,ge healthcare announces timesaving ai tool doctor treat cancer
1g8mhl1,0,43,euronewsenglish,2024-10-21,rwanda report new marburg infection death nearly week
1g9ife1,10,0,timemagazine,2024-10-22,gastroenterologist thing every day
1g8fpux,6,116,bothzookeepergame,2024-10-21,daily galaxy great discovery channel study find common sleeping pill may reduce alzheimers protein buildup sciencealert report
1g8hgc5,2,45,nytopinion,2024-10-21,opinion breakthrough drug conquer addiction ozempic gift article
1g8hlyw,2,36,nytopinion,2024-10-21,opinion take get abortion america gift article
1g8c1r5,2,29,crustoselichen,2024-10-20,climate change health whats connection
1g7tldc,2,155,furleafclver,2024-10-20,serious infection linked dementia risk study show
1g7vvx6,2,75,miolmok,2024-10-20,hopeful human trial help spinal cord injury patient
1g76nhf,24,450,maxcactus,2024-10-19,ozempic show promise treating alcohol drug abuse study find
1g7hkwu,3,57,boppinmule,2024-10-19,big tobacco company reach tentative multibilliondollar settlement canada
1g7c2dc,20,119,jokefast,2024-10-19,man declared dead almost surgery donate organ still alive shot health news npr
1g6v9sj,64,534,furleafclver,2024-10-18,routine dental xrays backed evidenceexperts want stop
1g6q5pr,34,794,hazzman,2024-10-18,company knew danger pfas forever chemicalsand kept secret
1g6qzdn,67,425,nbcnews,2024-10-18,drug overdose death fall month straight official wonder whats working
1g6tw1t,15,174,maxkozlov,2024-10-18,brain react birth control researcher scanned time find extensive scan reveal rhythmic change brain throughout menstrual cycle pill
1g6pl9j,6,143,globalnewsca,2024-10-18,millennials could perimenopause managing overlooked life stage
